risk,GroupCount,mean_score_h,median_score_h,std_score_h,mean_b0_h,mean_b2_h
ALL,1711,1.0111714825834,0.998010255139687,0.20364002683087,0.250094035516263,0.761077447067141
