n,GroupCount,mean_score_h,median_score_h,std_score_h,mean_b0_h,median_b0_h,std_b0_h,mean_b2_h,median_b2_h,std_b2_h
5,5,1.06595374303614,1.09199826253806,0.153807222851382,0.33479538600438,0.332034572191,0.105441232107132,0.731158357031764,0.655489618012159,0.186461462057481
6,6,1.21200933335813,1.11557102727899,0.325186677627651,0.334115758050036,0.384805344075169,0.191627836251708,0.877893575308093,0.953736331534611,0.271029063793688
7,112,1.02924553544279,1.02255550916603,0.201031231496648,0.242063077869602,0.22263335828926,0.150669729473128,0.787182457573183,0.808458087528142,0.218463554618781
8,400,1.03627572104678,1.03071480750045,0.200817641604821,0.251688216482241,0.244424833436467,0.147319603395882,0.784587504564538,0.778635082660637,0.211244332939526
9,1188,0.999770028279941,0.979799211922529,0.203201588545867,0.249533562269118,0.241949701897254,0.149477346595115,0.750236466010824,0.744414564560133,0.212666334484223
