risk,GroupCount,mean_delta,median_delta,std_delta
ALL,200,0.955741711084751,0.956262102538576,0.000600650461900012
