risk,GroupCount,mean_score,median_score,std_score,mean_b0,mean_b2
ALL,1711,0.151675722387511,0.149701538270953,0.0305460040246305,0.0375141053274394,0.114161617060071
