risk,GroupCount,mean_delta,median_delta,std_delta
H,86,0.955051889855261,0.955051889855261,2.2334693049058e-16
L,114,0.956262102538576,0.956262102538576,4.46049878146693e-16
