N_Entrants,UP_Mean_Winning_Score,UP_Mean_Final_Payment,FP_Mean_Winning_Score,FP_Mean_Final_Payment,Winning_Score_Change_Pct,Final_Payment_Change_Pct
3,0.126403621000612,0.125928004718739,0.128482931503953,0.128482931503953,1.6449770084752,2.02887895422489
5,0.118824023432318,0.118049383469331,0.120566737148527,0.120566737148527,1.46663415853955,2.13245813337914
7,0.116864063131415,0.115972396986952,0.118416235330656,0.118416235330656,1.32818606306334,2.10725862980839
9,0.115414104567094,0.114453256207981,0.116807816285741,0.116807816285741,1.20757486606535,2.05722419419956
